rigg_0000.egg,woman2mt1.egg
anim_0000_0000.egg,woman2mt1-mt1.egg
rigg_0001.egg,women22mt2.egg
anim_0001_0000.egg,women22mt2-mt23.egg
anim_0001_0001.egg,women22mt2-mt24.egg
anim_0001_0002.egg,women22mt2-mt28.egg
anim_0001_0003.egg,women22mt2-mt210.egg
anim_0001_0004.egg,women22mt2-mt29.egg
anim_0001_0005.egg,women22mt2-mt25.egg
anim_0001_0006.egg,women22mt2-mt26.egg
anim_0001_0007.egg,women22mt2-mt27.egg
anim_0001_0008.egg,women22mt2-mt22.egg
rigg_0002.egg,man2mj1.egg
anim_0002_0000.egg,man2mj1-mj1.egg
rigg_0003.egg,man22wd.egg
anim_0003_0000.egg,man22wd-wd4.egg
anim_0003_0001.egg,man22wd-wd3.egg
anim_0003_0002.egg,man22wd-wd10.egg
anim_0003_0003.egg,man22wd-wd8.egg
anim_0003_0004.egg,man22wd-wd7.egg
anim_0003_0005.egg,man22wd-wd6.egg
anim_0003_0006.egg,man22wd-wd5.egg
anim_0003_0007.egg,man22wd-wd9.egg
anim_0003_0008.egg,man22wd-wd2.egg
rigg_0004.egg,woman2em.egg
anim_0004_0000.egg,woman2em-em.egg
rigg_0005.egg,woman2mt2.egg
anim_0005_0000.egg,woman2mt2-mt2.egg
rigg_0006.egg,woman1em.egg
anim_0006_0000.egg,woman1em-em.egg
rigg_0007.egg,women22ts2.egg
anim_0007_0000.egg,women22ts2-ts26.egg
anim_0007_0001.egg,women22ts2-ts28.egg
anim_0007_0002.egg,women22ts2-ts27.egg
anim_0007_0003.egg,women22ts2-ts29.egg
anim_0007_0004.egg,women22ts2-ts210.egg
rigg_0008.egg,man22pm1.egg
anim_0008_0000.egg,man22pm1-pm18.egg
anim_0008_0001.egg,man22pm1-pm12.egg
anim_0008_0002.egg,man22pm1-pm14.egg
anim_0008_0003.egg,man22pm1-pm15.egg
anim_0008_0004.egg,man22pm1-pm19.egg
anim_0008_0005.egg,man22pm1-pm13.egg
anim_0008_0006.egg,man22pm1-pm17.egg
anim_0008_0007.egg,man22pm1-pm16.egg
rigg_0009.egg,man22ts1.egg
anim_0009_0000.egg,man22ts1-ts14.egg
anim_0009_0001.egg,man22ts1-ts12.egg
anim_0009_0002.egg,man22ts1-ts13.egg
anim_0009_0003.egg,man22ts1-ts15.egg
rigg_0010.egg,woman12mj.egg
anim_0010_0000.egg,woman12mj-mj6.egg
anim_0010_0001.egg,woman12mj-mj3.egg
anim_0010_0002.egg,woman12mj-mj5.egg
anim_0010_0003.egg,woman12mj-mj7.egg
anim_0010_0004.egg,woman12mj-mj8.egg
anim_0010_0005.egg,woman12mj-mj4.egg
anim_0010_0006.egg,woman12mj-mj2.egg
anim_0010_0007.egg,woman12mj-mj9.egg
anim_0010_0008.egg,woman12mj-mj10.egg
rigg_0011.egg,woman2mj1.egg
anim_0011_0000.egg,woman2mj1-mj1.egg
rigg_0012.egg,women22us.egg
anim_0012_0000.egg,women22us-us5.egg
anim_0012_0001.egg,women22us-us3.egg
anim_0012_0002.egg,women22us-us2.egg
anim_0012_0003.egg,women22us-us4.egg
anim_0012_0004.egg,women22us-us7.egg
anim_0012_0005.egg,women22us-us6.egg
anim_0012_0006.egg,women22us-us10.egg
anim_0012_0007.egg,women22us-us8.egg
anim_0012_0008.egg,women22us-us9.egg
rigg_0013.egg,man22wtv.egg
anim_0013_0000.egg,man22wtv-wtv4.egg
anim_0013_0001.egg,man22wtv-wtv8.egg
anim_0013_0002.egg,man22wtv-wtv6.egg
anim_0013_0003.egg,man22wtv-wtv9.egg
anim_0013_0004.egg,man22wtv-wtv2.egg
anim_0013_0005.egg,man22wtv-wtv10.egg
anim_0013_0006.egg,man22wtv-wtv5.egg
anim_0013_0007.egg,man22wtv-wtv7.egg
anim_0013_0008.egg,man22wtv-wtv3.egg
rigg_0014.egg,man0pm2.egg
anim_0014_0000.egg,man0pm2-pm24.egg
anim_0014_0001.egg,man0pm2-pm25.egg
anim_0014_0002.egg,man0pm2-pm28.egg
anim_0014_0003.egg,man0pm2-pm23.egg
anim_0014_0004.egg,man0pm2-pm29.egg
anim_0014_0005.egg,man0pm2-pm22.egg
anim_0014_0006.egg,man0pm2-pm26.egg
anim_0014_0007.egg,man0pm2-pm210.egg
anim_0014_0008.egg,man0pm2-pm21.egg
anim_0014_0009.egg,man0pm2-pm27.egg
rigg_0015.egg,man2ts1.egg
anim_0015_0000.egg,man2ts1-ts1.egg
rigg_0016.egg,man13wd.egg
anim_0016_0000.egg,man13wd-wd9.egg
anim_0016_0001.egg,man13wd-wd10.egg
rigg_0017.egg,women22ts1.egg
anim_0017_0000.egg,women22ts1-ts13.egg
anim_0017_0001.egg,women22ts1-ts14.egg
anim_0017_0002.egg,women22ts1-ts15.egg
anim_0017_0003.egg,women22ts1-ts12.egg
rigg_0018.egg,man22em.egg
anim_0018_0000.egg,man22em-em10.egg
anim_0018_0001.egg,man22em-em5.egg
anim_0018_0002.egg,man22em-em4.egg
anim_0018_0003.egg,man22em-em7.egg
anim_0018_0004.egg,man22em-em6.egg
anim_0018_0005.egg,man22em-em8.egg
anim_0018_0006.egg,man22em-em9.egg
anim_0018_0007.egg,man22em-em2.egg
anim_0018_0008.egg,man22em-em3.egg
rigg_0019.egg,man1mt1.egg
anim_0019_0000.egg,man1mt1-mt1.egg
rigg_0020.egg,woman2ts2.egg
anim_0020_0000.egg,woman2ts2-ts2.egg
rigg_0021.egg,man2pm2.egg
anim_0021_0000.egg,man2pm2-pm2.egg
rigg_0022.egg,woman12pm2.egg
anim_0022_0000.egg,woman12pm2-pm24.egg
anim_0022_0001.egg,woman12pm2-pm26.egg
anim_0022_0002.egg,woman12pm2-pm22.egg
anim_0022_0003.egg,woman12pm2-pm25.egg
anim_0022_0004.egg,woman12pm2-pm23.egg
rigg_0023.egg,man2wtv.egg
anim_0023_0000.egg,man2wtv-wtv.egg
rigg_0024.egg,woman12rb.egg
anim_0024_0000.egg,woman12rb-rb9.egg
anim_0024_0001.egg,woman12rb-rb10.egg
anim_0024_0002.egg,woman12rb-rb5.egg
anim_0024_0003.egg,woman12rb-rb8.egg
anim_0024_0004.egg,woman12rb-rb4.egg
anim_0024_0005.egg,woman12rb-rb7.egg
anim_0024_0006.egg,woman12rb-rb6.egg
anim_0024_0007.egg,woman12rb-rb3.egg
anim_0024_0008.egg,woman12rb-rb2.egg
rigg_0025.egg,woman1ts2.egg
anim_0025_0000.egg,woman1ts2-ts2.egg
rigg_0026.egg,man22mj.egg
anim_0026_0000.egg,man22mj-mj2.egg
rigg_0027.egg,man1wd.egg
anim_0027_0000.egg,man1wd-wd.egg
rigg_0028.egg,man0mt2.egg
anim_0028_0000.egg,man0mt2-mt21.egg
anim_0028_0001.egg,man0mt2-mt26.egg
anim_0028_0002.egg,man0mt2-mt24.egg
anim_0028_0003.egg,man0mt2-mt23.egg
anim_0028_0004.egg,man0mt2-mt29.egg
anim_0028_0005.egg,man0mt2-mt25.egg
anim_0028_0006.egg,man0mt2-mt210.egg
anim_0028_0007.egg,man0mt2-mt22.egg
anim_0028_0008.egg,man0mt2-mt27.egg
anim_0028_0009.egg,man0mt2-mt28.egg
rigg_0029.egg,woman1rb.egg
anim_0029_0000.egg,woman1rb-rb.egg
rigg_0030.egg,woman1pm1.egg
anim_0030_0000.egg,woman1pm1-pm1.egg
rigg_0031.egg,man1em2.egg
anim_0031_0000.egg,man1em2-em2.egg
rigg_0032.egg,woman1mj1.egg
anim_0032_0000.egg,woman1mj1-mj1.egg
rigg_0033.egg,man1pm2.egg
anim_0033_0000.egg,man1pm2-pm2.egg
rigg_0034.egg,woman1mt2.egg
anim_0034_0000.egg,woman1mt2-mt2.egg
rigg_0035.egg,man2rb.egg
anim_0035_0000.egg,man2rb-rb.egg
rigg_0036.egg,man12bt.egg
anim_0036_0000.egg,man12bt-bt6.egg
anim_0036_0001.egg,man12bt-bt5.egg
anim_0036_0002.egg,man12bt-bt4.egg
anim_0036_0003.egg,man12bt-bt3.egg
anim_0036_0004.egg,man12bt-bt9.egg
anim_0036_0005.egg,man12bt-bt7.egg
anim_0036_0006.egg,man12bt-bt10.egg
anim_0036_0007.egg,man12bt-bt2.egg
anim_0036_0008.egg,man12bt-bt8.egg
rigg_0037.egg,woman12wtv.egg
anim_0037_0000.egg,woman12wtv-wtv3.egg
anim_0037_0001.egg,woman12wtv-wtv8.egg
anim_0037_0002.egg,woman12wtv-wtv5.egg
anim_0037_0003.egg,woman12wtv-wtv10.egg
anim_0037_0004.egg,woman12wtv-wtv4.egg
anim_0037_0005.egg,woman12wtv-wtv7.egg
anim_0037_0006.egg,woman12wtv-wtv6.egg
anim_0037_0007.egg,woman12wtv-wtv9.egg
anim_0037_0008.egg,woman12wtv-wtv2.egg
rigg_0038.egg,man2em.egg
anim_0038_0000.egg,man2em-em.egg
rigg_0039.egg,woman1pm2.egg
anim_0039_0000.egg,woman1pm2-pm2.egg
rigg_0040.egg,man0us.egg
anim_0040_0000.egg,man0us-us3.egg
anim_0040_0001.egg,man0us-us2.egg
anim_0040_0002.egg,man0us-us8.egg
anim_0040_0003.egg,man0us-us9.egg
anim_0040_0004.egg,man0us-us7.egg
anim_0040_0005.egg,man0us-us1.egg
anim_0040_0006.egg,man0us-us10.egg
anim_0040_0007.egg,man0us-us5.egg
anim_0040_0008.egg,man0us-us6.egg
anim_0040_0009.egg,man0us-us4.egg
rigg_0041.egg,man1pm1.egg
anim_0041_0000.egg,man1pm1-pm1.egg
rigg_0042.egg,man2us.egg
anim_0042_0000.egg,man2us-us.egg
rigg_0043.egg,woman2rb.egg
anim_0043_0000.egg,woman2rb-rb.egg
rigg_0044.egg,man22ts2.egg
anim_0044_0000.egg,man22ts2-ts29.egg
anim_0044_0001.egg,man22ts2-ts210.egg
anim_0044_0002.egg,man22ts2-ts26.egg
anim_0044_0003.egg,man22ts2-ts27.egg
anim_0044_0004.egg,man22ts2-ts28.egg
rigg_0045.egg,woman2wtv.egg
anim_0045_0000.egg,woman2wtv-wtv.egg
rigg_0046.egg,women22pm2.egg
anim_0046_0000.egg,women22pm2-pm210.egg
anim_0046_0001.egg,women22pm2-pm25.egg
anim_0046_0002.egg,women22pm2-pm23.egg
anim_0046_0003.egg,women22pm2-pm29.egg
anim_0046_0004.egg,women22pm2-pm24.egg
anim_0046_0005.egg,women22pm2-pm22.egg
anim_0046_0006.egg,women22pm2-pm27.egg
anim_0046_0007.egg,women22pm2-pm28.egg
anim_0046_0008.egg,women22pm2-pm26.egg
rigg_0047.egg,woman1bt.egg
anim_0047_0000.egg,woman1bt-bt.egg
rigg_0048.egg,man0ts2.egg
anim_0048_0000.egg,man0ts2-ts27.egg
anim_0048_0001.egg,man0ts2-ts29.egg
anim_0048_0002.egg,man0ts2-ts210.egg
anim_0048_0003.egg,man0ts2-ts28.egg
rigg_0049.egg,man23mj.egg
anim_0049_0000.egg,man23mj-mj9.egg
anim_0049_0001.egg,man23mj-mj5.egg
anim_0049_0002.egg,man23mj-mj7.egg
anim_0049_0003.egg,man23mj-mj8.egg
anim_0049_0004.egg,man23mj-mj3.egg
anim_0049_0005.egg,man23mj-mj4.egg
anim_0049_0006.egg,man23mj-mj6.egg
anim_0049_0007.egg,man23mj-mj10.egg
rigg_0050.egg,woman12mt1.egg
anim_0050_0000.egg,woman12mt1-mt17.egg
anim_0050_0001.egg,woman12mt1-mt18.egg
anim_0050_0002.egg,woman12mt1-mt14.egg
anim_0050_0003.egg,woman12mt1-mt12.egg
anim_0050_0004.egg,woman12mt1-mt15.egg
anim_0050_0005.egg,woman12mt1-mt13.egg
anim_0050_0006.egg,woman12mt1-mt19.egg
anim_0050_0007.egg,woman12mt1-mt110.egg
anim_0050_0008.egg,woman12mt1-mt16.egg
rigg_0051.egg,woman13pm2.egg
anim_0051_0000.egg,woman13pm2-pm27.egg
anim_0051_0001.egg,woman13pm2-pm210.egg
anim_0051_0002.egg,woman13pm2-pm28.egg
anim_0051_0003.egg,woman13pm2-pm29.egg
rigg_0052.egg,man22mt2.egg
anim_0052_0000.egg,man22mt2-mt23.egg
anim_0052_0001.egg,man22mt2-mt22.egg
anim_0052_0002.egg,man22mt2-mt25.egg
anim_0052_0003.egg,man22mt2-mt24.egg
anim_0052_0004.egg,man22mt2-mt26.egg
anim_0052_0005.egg,man22mt2-mt210.egg
anim_0052_0006.egg,man22mt2-mt28.egg
anim_0052_0007.egg,man22mt2-mt27.egg
anim_0052_0008.egg,man22mt2-mt29.egg
rigg_0053.egg,man22mt1.egg
anim_0053_0000.egg,man22mt1-mt13.egg
anim_0053_0001.egg,man22mt1-mt14.egg
anim_0053_0002.egg,man22mt1-mt15.egg
anim_0053_0003.egg,man22mt1-mt12.egg
anim_0053_0004.egg,man22mt1-mt18.egg
anim_0053_0005.egg,man22mt1-mt17.egg
anim_0053_0006.egg,man22mt1-mt19.egg
anim_0053_0007.egg,man22mt1-mt110.egg
anim_0053_0008.egg,man22mt1-mt16.egg
rigg_0054.egg,women22mt1.egg
anim_0054_0000.egg,women22mt1-mt110.egg
anim_0054_0001.egg,women22mt1-mt14.egg
anim_0054_0002.egg,women22mt1-mt16.egg
anim_0054_0003.egg,women22mt1-mt19.egg
anim_0054_0004.egg,women22mt1-mt17.egg
anim_0054_0005.egg,women22mt1-mt13.egg
anim_0054_0006.egg,women22mt1-mt12.egg
anim_0054_0007.egg,women22mt1-mt15.egg
anim_0054_0008.egg,women22mt1-mt18.egg
rigg_0055.egg,woman12bt.egg
anim_0055_0000.egg,woman12bt-bt5.egg
anim_0055_0001.egg,woman12bt-bt4.egg
anim_0055_0002.egg,woman12bt-bt2.egg
anim_0055_0003.egg,woman12bt-bt8.egg
anim_0055_0004.egg,woman12bt-bt7.egg
anim_0055_0005.egg,woman12bt-bt3.egg
anim_0055_0006.egg,woman12bt-bt10.egg
anim_0055_0007.egg,woman12bt-bt9.egg
anim_0055_0008.egg,woman12bt-bt6.egg
rigg_0056.egg,women22em.egg
anim_0056_0000.egg,women22em-em5.egg
anim_0056_0001.egg,women22em-em10.egg
anim_0056_0002.egg,women22em-em3.egg
anim_0056_0003.egg,women22em-em2.egg
anim_0056_0004.egg,women22em-em7.egg
anim_0056_0005.egg,women22em-em8.egg
anim_0056_0006.egg,women22em-em6.egg
anim_0056_0007.egg,women22em-em4.egg
anim_0056_0008.egg,women22em-em9.egg
rigg_0057.egg,man12pm1.egg
anim_0057_0000.egg,man12pm1-pm14.egg
anim_0057_0001.egg,man12pm1-pm17.egg
anim_0057_0002.egg,man12pm1-pm13.egg
anim_0057_0003.egg,man12pm1-pm18.egg
anim_0057_0004.egg,man12pm1-pm15.egg
anim_0057_0005.egg,man12pm1-pm12.egg
anim_0057_0006.egg,man12pm1-pm16.egg
rigg_0058.egg,man12pm2.egg
anim_0058_0000.egg,man12pm2-pm25.egg
anim_0058_0001.egg,man12pm2-pm24.egg
anim_0058_0002.egg,man12pm2-pm28.egg
anim_0058_0003.egg,man12pm2-pm27.egg
anim_0058_0004.egg,man12pm2-pm22.egg
anim_0058_0005.egg,man12pm2-pm26.egg
anim_0058_0006.egg,man12pm2-pm29.egg
anim_0058_0007.egg,man12pm2-pm23.egg
rigg_0059.egg,women22wtv.egg
anim_0059_0000.egg,women22wtv-wtv7.egg
anim_0059_0001.egg,women22wtv-wtv3.egg
anim_0059_0002.egg,women22wtv-wtv8.egg
anim_0059_0003.egg,women22wtv-wtv2.egg
anim_0059_0004.egg,women22wtv-wtv5.egg
anim_0059_0005.egg,women22wtv-wtv9.egg
anim_0059_0006.egg,women22wtv-wtv6.egg
anim_0059_0007.egg,women22wtv-wtv4.egg
anim_0059_0008.egg,women22wtv-wtv10.egg
rigg_0060.egg,man12wtv.egg
anim_0060_0000.egg,man12wtv-wtv4.egg
anim_0060_0001.egg,man12wtv-wtv7.egg
anim_0060_0002.egg,man12wtv-wtv3.egg
anim_0060_0003.egg,man12wtv-wtv9.egg
anim_0060_0004.egg,man12wtv-wtv10.egg
anim_0060_0005.egg,man12wtv-wtv6.egg
anim_0060_0006.egg,man12wtv-wtv5.egg
anim_0060_0007.egg,man12wtv-wtv8.egg
anim_0060_0008.egg,man12wtv-wtv2.egg
rigg_0061.egg,man12ts1.egg
anim_0061_0000.egg,man12ts1-ts12.egg
anim_0061_0001.egg,man12ts1-ts14.egg
anim_0061_0002.egg,man12ts1-ts13.egg
rigg_0062.egg,women22pm1.egg
anim_0062_0000.egg,women22pm1-pm16.egg
anim_0062_0001.egg,women22pm1-pm19.egg
anim_0062_0002.egg,women22pm1-pm110.egg
anim_0062_0003.egg,women22pm1-pm12.egg
anim_0062_0004.egg,women22pm1-pm15.egg
anim_0062_0005.egg,women22pm1-pm17.egg
anim_0062_0006.egg,women22pm1-pm13.egg
anim_0062_0007.egg,women22pm1-pm14.egg
anim_0062_0008.egg,women22pm1-pm18.egg
rigg_0063.egg,man13pm1.egg
anim_0063_0000.egg,man13pm1-pm19.egg
anim_0063_0001.egg,man13pm1-pm110.egg
rigg_0064.egg,man0rb.egg
anim_0064_0000.egg,man0rb-rb3.egg
anim_0064_0001.egg,man0rb-rb2.egg
anim_0064_0002.egg,man0rb-rb9.egg
anim_0064_0003.egg,man0rb-rb5.egg
anim_0064_0004.egg,man0rb-rb6.egg
anim_0064_0005.egg,man0rb-rb10.egg
anim_0064_0006.egg,man0rb-rb8.egg
anim_0064_0007.egg,man0rb-rb1.egg
anim_0064_0008.egg,man0rb-rb7.egg
anim_0064_0009.egg,man0rb-rb4.egg
rigg_0065.egg,man1bt.egg
anim_0065_0000.egg,man1bt-bt.egg
rigg_0066.egg,man0wd.egg
anim_0066_0000.egg,man0wd-wd1.egg
anim_0066_0001.egg,man0wd-wd6.egg
anim_0066_0002.egg,man0wd-wd10.egg
anim_0066_0003.egg,man0wd-wd3.egg
anim_0066_0004.egg,man0wd-wd5.egg
anim_0066_0005.egg,man0wd-wd7.egg
anim_0066_0006.egg,man0wd-wd8.egg
anim_0066_0007.egg,man0wd-wd9.egg
anim_0066_0008.egg,man0wd-wd4.egg
anim_0066_0009.egg,man0wd-wd2.egg
rigg_0067.egg,man0mj.egg
anim_0067_0000.egg,man0mj-mj9.egg
anim_0067_0001.egg,man0mj-mj7.egg
anim_0067_0002.egg,man0mj-mj3.egg
anim_0067_0003.egg,man0mj-mj10.egg
anim_0067_0004.egg,man0mj-mj8.egg
anim_0067_0005.egg,man0mj-mj4.egg
anim_0067_0006.egg,man0mj-mj2.egg
anim_0067_0007.egg,man0mj-mj5.egg
anim_0067_0008.egg,man0mj-mj6.egg
rigg_0068.egg,man12rb.egg
anim_0068_0000.egg,man12rb-rb10.egg
anim_0068_0001.egg,man12rb-rb6.egg
anim_0068_0002.egg,man12rb-rb4.egg
anim_0068_0003.egg,man12rb-rb8.egg
anim_0068_0004.egg,man12rb-rb9.egg
anim_0068_0005.egg,man12rb-rb2.egg
anim_0068_0006.egg,man12rb-rb7.egg
anim_0068_0007.egg,man12rb-rb5.egg
anim_0068_0008.egg,man12rb-rb3.egg
rigg_0069.egg,women22mj.egg
anim_0069_0000.egg,women22mj-mj6.egg
anim_0069_0001.egg,women22mj-mj2.egg
anim_0069_0002.egg,women22mj-mj7.egg
anim_0069_0003.egg,women22mj-mj9.egg
anim_0069_0004.egg,women22mj-mj10.egg
anim_0069_0005.egg,women22mj-mj4.egg
anim_0069_0006.egg,women22mj-mj8.egg
anim_0069_0007.egg,women22mj-mj3.egg
anim_0069_0008.egg,women22mj-mj5.egg
rigg_0070.egg,man0mt1.egg
anim_0070_0000.egg,man0mt1-mt17.egg
anim_0070_0001.egg,man0mt1-mt16.egg
anim_0070_0002.egg,man0mt1-mt18.egg
anim_0070_0003.egg,man0mt1-mt13.egg
anim_0070_0004.egg,man0mt1-mt19.egg
anim_0070_0005.egg,man0mt1-mt110.egg
anim_0070_0006.egg,man0mt1-mt14.egg
anim_0070_0007.egg,man0mt1-mt15.egg
anim_0070_0008.egg,man0mt1-mt11.egg
anim_0070_0009.egg,man0mt1-mt12.egg
rigg_0071.egg,man22pm2.egg
anim_0071_0000.egg,man22pm2-pm26.egg
anim_0071_0001.egg,man22pm2-pm25.egg
anim_0071_0002.egg,man22pm2-pm210.egg
anim_0071_0003.egg,man22pm2-pm29.egg
anim_0071_0004.egg,man22pm2-pm22.egg
anim_0071_0005.egg,man22pm2-pm27.egg
anim_0071_0006.egg,man22pm2-pm23.egg
anim_0071_0007.egg,man22pm2-pm24.egg
anim_0071_0008.egg,man22pm2-pm28.egg
rigg_0072.egg,woman1wd.egg
anim_0072_0000.egg,woman1wd-wd.egg
rigg_0073.egg,man0bt.egg
anim_0073_0000.egg,man0bt-bt8.egg
anim_0073_0001.egg,man0bt-bt4.egg
anim_0073_0002.egg,man0bt-bt9.egg
anim_0073_0003.egg,man0bt-bt7.egg
anim_0073_0004.egg,man0bt-bt10.egg
anim_0073_0005.egg,man0bt-bt5.egg
anim_0073_0006.egg,man0bt-bt3.egg
anim_0073_0007.egg,man0bt-bt6.egg
anim_0073_0008.egg,man0bt-bt1.egg
anim_0073_0009.egg,man0bt-bt2.egg
rigg_0074.egg,woman12mt2.egg
anim_0074_0000.egg,woman12mt2-mt25.egg
anim_0074_0001.egg,woman12mt2-mt210.egg
anim_0074_0002.egg,woman12mt2-mt28.egg
anim_0074_0003.egg,woman12mt2-mt26.egg
anim_0074_0004.egg,woman12mt2-mt29.egg
anim_0074_0005.egg,woman12mt2-mt27.egg
anim_0074_0006.egg,woman12mt2-mt24.egg
anim_0074_0007.egg,woman12mt2-mt22.egg
anim_0074_0008.egg,woman12mt2-mt23.egg
rigg_0075.egg,woman2us.egg
anim_0075_0000.egg,woman2us-us.egg
rigg_0076.egg,woman12ts2.egg
anim_0076_0000.egg,woman12ts2-ts28.egg
anim_0076_0001.egg,woman12ts2-ts210.egg
anim_0076_0002.egg,woman12ts2-ts29.egg
anim_0076_0003.egg,woman12ts2-ts27.egg
rigg_0077.egg,man1ts2.egg
anim_0077_0000.egg,man1ts2-ts2.egg
rigg_0078.egg,man0wtv.egg
anim_0078_0000.egg,man0wtv-wtv9.egg
anim_0078_0001.egg,man0wtv-wtv10.egg
anim_0078_0002.egg,man0wtv-wtv2.egg
anim_0078_0003.egg,man0wtv-wtv7.egg
anim_0078_0004.egg,man0wtv-wtv8.egg
anim_0078_0005.egg,man0wtv-wtv3.egg
anim_0078_0006.egg,man0wtv-wtv5.egg
anim_0078_0007.egg,man0wtv-wtv4.egg
anim_0078_0008.egg,man0wtv-wtv6.egg
anim_0078_0009.egg,man0wtv-wtv1.egg
rigg_0079.egg,man1wtv.egg
anim_0079_0000.egg,man1wtv-wtv.egg
rigg_0080.egg,women22bt.egg
anim_0080_0000.egg,women22bt-bt3.egg
anim_0080_0001.egg,women22bt-bt4.egg
anim_0080_0002.egg,women22bt-bt8.egg
anim_0080_0003.egg,women22bt-bt10.egg
anim_0080_0004.egg,women22bt-bt6.egg
anim_0080_0005.egg,women22bt-bt2.egg
anim_0080_0006.egg,women22bt-bt5.egg
anim_0080_0007.egg,women22bt-bt7.egg
anim_0080_0008.egg,women22bt-bt9.egg
rigg_0081.egg,man1mt2.egg
anim_0081_0000.egg,man1mt2-mt2.egg
rigg_0082.egg,man2wd.egg
anim_0082_0000.egg,man2wd-wd.egg
rigg_0083.egg,woman2pm2.egg
anim_0083_0000.egg,woman2pm2-pm2.egg
rigg_0084.egg,man0ts1.egg
anim_0084_0000.egg,man0ts1-ts16.egg
anim_0084_0001.egg,man0ts1-ts12.egg
anim_0084_0002.egg,man0ts1-ts11.egg
anim_0084_0003.egg,man0ts1-ts13.egg
anim_0084_0004.egg,man0ts1-ts14.egg
anim_0084_0005.egg,man0ts1-ts15.egg
rigg_0085.egg,man1mj1.egg
anim_0085_0000.egg,man1mj1-mj1.egg
rigg_0086.egg,man1ts1.egg
anim_0086_0000.egg,man1ts1-ts1.egg
rigg_0087.egg,man2bt.egg
anim_0087_0000.egg,man2bt-bt.egg
rigg_0088.egg,man22us.egg
anim_0088_0000.egg,man22us-us4.egg
anim_0088_0001.egg,man22us-us9.egg
anim_0088_0002.egg,man22us-us5.egg
anim_0088_0003.egg,man22us-us8.egg
anim_0088_0004.egg,man22us-us7.egg
anim_0088_0005.egg,man22us-us3.egg
anim_0088_0006.egg,man22us-us2.egg
anim_0088_0007.egg,man22us-us6.egg
anim_0088_0008.egg,man22us-us10.egg
rigg_0089.egg,woman2bt.egg
anim_0089_0000.egg,woman2bt-bt.egg
rigg_0090.egg,man12wd.egg
anim_0090_0000.egg,man12wd-wd3.egg
anim_0090_0001.egg,man12wd-wd4.egg
anim_0090_0002.egg,man12wd-wd7.egg
anim_0090_0003.egg,man12wd-wd2.egg
anim_0090_0004.egg,man12wd-wd8.egg
anim_0090_0005.egg,man12wd-wd6.egg
anim_0090_0006.egg,man12wd-wd5.egg
rigg_0091.egg,woman12wd.egg
anim_0091_0000.egg,woman12wd-wd5.egg
anim_0091_0001.egg,woman12wd-wd10.egg
anim_0091_0002.egg,woman12wd-wd7.egg
anim_0091_0003.egg,woman12wd-wd3.egg
anim_0091_0004.egg,woman12wd-wd8.egg
anim_0091_0005.egg,woman12wd-wd4.egg
anim_0091_0006.egg,woman12wd-wd6.egg
anim_0091_0007.egg,woman12wd-wd9.egg
anim_0091_0008.egg,woman12wd-wd2.egg
rigg_0092.egg,man12em.egg
anim_0092_0000.egg,man12em-em6.egg
anim_0092_0001.egg,man12em-em5.egg
anim_0092_0002.egg,man12em-em9.egg
anim_0092_0003.egg,man12em-em3.egg
anim_0092_0004.egg,man12em-em4.egg
anim_0092_0005.egg,man12em-em8.egg
anim_0092_0006.egg,man12em-em7.egg
anim_0092_0007.egg,man12em-em2.egg
anim_0092_0008.egg,man12em-em10.egg
rigg_0093.egg,man22rb.egg
anim_0093_0000.egg,man22rb-rb10.egg
anim_0093_0001.egg,man22rb-rb5.egg
anim_0093_0002.egg,man22rb-rb2.egg
anim_0093_0003.egg,man22rb-rb4.egg
anim_0093_0004.egg,man22rb-rb8.egg
anim_0093_0005.egg,man22rb-rb9.egg
anim_0093_0006.egg,man22rb-rb7.egg
anim_0093_0007.egg,man22rb-rb3.egg
anim_0093_0008.egg,man22rb-rb6.egg
rigg_0094.egg,woman12us.egg
anim_0094_0000.egg,woman12us-us3.egg
anim_0094_0001.egg,woman12us-us2.egg
anim_0094_0002.egg,woman12us-us9.egg
anim_0094_0003.egg,woman12us-us6.egg
anim_0094_0004.egg,woman12us-us4.egg
anim_0094_0005.egg,woman12us-us10.egg
anim_0094_0006.egg,woman12us-us7.egg
anim_0094_0007.egg,woman12us-us5.egg
anim_0094_0008.egg,woman12us-us8.egg
rigg_0095.egg,woman12ts1.egg
anim_0095_0000.egg,woman12ts1-ts16.egg
anim_0095_0001.egg,woman12ts1-ts13.egg
anim_0095_0002.egg,woman12ts1-ts14.egg
anim_0095_0003.egg,woman12ts1-ts15.egg
anim_0095_0004.egg,woman12ts1-ts12.egg
rigg_0096.egg,man13pm2.egg
anim_0096_0000.egg,man13pm2-pm210.egg
rigg_0097.egg,man12ts2.egg
anim_0097_0000.egg,man12ts2-ts210.egg
anim_0097_0001.egg,man12ts2-ts26.egg
anim_0097_0002.egg,man12ts2-ts27.egg
anim_0097_0003.egg,man12ts2-ts28.egg
anim_0097_0004.egg,man12ts2-ts29.egg
rigg_0098.egg,man1rb.egg
anim_0098_0000.egg,man1rb-rb.egg
rigg_0099.egg,man22bt.egg
anim_0099_0000.egg,man22bt-bt6.egg
anim_0099_0001.egg,man22bt-bt5.egg
anim_0099_0002.egg,man22bt-bt4.egg
anim_0099_0003.egg,man22bt-bt3.egg
anim_0099_0004.egg,man22bt-bt7.egg
anim_0099_0005.egg,man22bt-bt9.egg
anim_0099_0006.egg,man22bt-bt10.egg
anim_0099_0007.egg,man22bt-bt2.egg
anim_0099_0008.egg,man22bt-bt8.egg
rigg_0100.egg,man0em.egg
anim_0100_0000.egg,man0em-em2.egg
anim_0100_0001.egg,man0em-em6.egg
anim_0100_0002.egg,man0em-em4.egg
anim_0100_0003.egg,man0em-em1.egg
anim_0100_0004.egg,man0em-em8.egg
anim_0100_0005.egg,man0em-em5.egg
anim_0100_0006.egg,man0em-em9.egg
anim_0100_0007.egg,man0em-em10.egg
anim_0100_0008.egg,man0em-em7.egg
anim_0100_0009.egg,man0em-em3.egg
rigg_0101.egg,woman12em.egg
anim_0101_0000.egg,woman12em-em3.egg
anim_0101_0001.egg,woman12em-em5.egg
anim_0101_0002.egg,woman12em-em2.egg
anim_0101_0003.egg,woman12em-em4.egg
anim_0101_0004.egg,woman12em-em9.egg
anim_0101_0005.egg,woman12em-em7.egg
anim_0101_0006.egg,woman12em-em10.egg
anim_0101_0007.egg,woman12em-em8.egg
anim_0101_0008.egg,woman12em-em6.egg
rigg_0102.egg,women22rb.egg
anim_0102_0000.egg,women22rb-rb2.egg
anim_0102_0001.egg,women22rb-rb9.egg
anim_0102_0002.egg,women22rb-rb7.egg
anim_0102_0003.egg,women22rb-rb6.egg
anim_0102_0004.egg,women22rb-rb8.egg
anim_0102_0005.egg,women22rb-rb5.egg
anim_0102_0006.egg,women22rb-rb4.egg
anim_0102_0007.egg,women22rb-rb10.egg
anim_0102_0008.egg,women22rb-rb3.egg
rigg_0103.egg,woman12pm1.egg
anim_0103_0000.egg,woman12pm1-pm15.egg
anim_0103_0001.egg,woman12pm1-pm18.egg
anim_0103_0002.egg,woman12pm1-pm16.egg
anim_0103_0003.egg,woman12pm1-pm13.egg
anim_0103_0004.egg,woman12pm1-pm19.egg
anim_0103_0005.egg,woman12pm1-pm110.egg
anim_0103_0006.egg,woman12pm1-pm14.egg
anim_0103_0007.egg,woman12pm1-pm12.egg
anim_0103_0008.egg,woman12pm1-pm17.egg
rigg_0104.egg,man2mt2.egg
anim_0104_0000.egg,man2mt2-mt2.egg
rigg_0105.egg,woman1us.egg
anim_0105_0000.egg,woman1us-us.egg
rigg_0106.egg,man12mt2.egg
anim_0106_0000.egg,man12mt2-mt28.egg
anim_0106_0001.egg,man12mt2-mt22.egg
anim_0106_0002.egg,man12mt2-mt27.egg
anim_0106_0003.egg,man12mt2-mt25.egg
anim_0106_0004.egg,man12mt2-mt29.egg
anim_0106_0005.egg,man12mt2-mt23.egg
anim_0106_0006.egg,man12mt2-mt24.egg
anim_0106_0007.egg,man12mt2-mt26.egg
anim_0106_0008.egg,man12mt2-mt210.egg
rigg_0107.egg,woman2wd.egg
anim_0107_0000.egg,woman2wd-wd.egg
rigg_0108.egg,woman1ts1.egg
anim_0108_0000.egg,woman1ts1-ts1.egg
rigg_0109.egg,man2ts2.egg
anim_0109_0000.egg,man2ts2-ts2.egg
rigg_0110.egg,woman2pm1.egg
anim_0110_0000.egg,woman2pm1-pm1.egg
rigg_0111.egg,man0pm1.egg
anim_0111_0000.egg,man0pm1-pm13.egg
anim_0111_0001.egg,man0pm1-pm14.egg
anim_0111_0002.egg,man0pm1-pm15.egg
anim_0111_0003.egg,man0pm1-pm12.egg
anim_0111_0004.egg,man0pm1-pm11.egg
anim_0111_0005.egg,man0pm1-pm17.egg
anim_0111_0006.egg,man0pm1-pm18.egg
anim_0111_0007.egg,man0pm1-pm110.egg
anim_0111_0008.egg,man0pm1-pm19.egg
anim_0111_0009.egg,man0pm1-pm16.egg
rigg_0112.egg,man2pm1.egg
anim_0112_0000.egg,man2pm1-pm1.egg
rigg_0113.egg,woman1mt1.egg
anim_0113_0000.egg,woman1mt1-mt1.egg
rigg_0114.egg,man12us.egg
anim_0114_0000.egg,man12us-us4.egg
anim_0114_0001.egg,man12us-us7.egg
anim_0114_0002.egg,man12us-us9.egg
anim_0114_0003.egg,man12us-us10.egg
anim_0114_0004.egg,man12us-us2.egg
anim_0114_0005.egg,man12us-us5.egg
anim_0114_0006.egg,man12us-us6.egg
anim_0114_0007.egg,man12us-us3.egg
anim_0114_0008.egg,man12us-us8.egg
rigg_0115.egg,man12mj.egg
anim_0115_0000.egg,man12mj-mj7.egg
anim_0115_0001.egg,man12mj-mj5.egg
anim_0115_0002.egg,man12mj-mj4.egg
anim_0115_0003.egg,man12mj-mj6.egg
anim_0115_0004.egg,man12mj-mj2.egg
anim_0115_0005.egg,man12mj-mj3.egg
anim_0115_0006.egg,man12mj-mj8.egg
anim_0115_0007.egg,man12mj-mj9.egg
anim_0115_0008.egg,man12mj-mj10.egg
rigg_0116.egg,man2mt1.egg
anim_0116_0000.egg,man2mt1-mt1.egg
rigg_0117.egg,man12mt1.egg
anim_0117_0000.egg,man12mt1-mt16.egg
anim_0117_0001.egg,man12mt1-mt15.egg
anim_0117_0002.egg,man12mt1-mt13.egg
anim_0117_0003.egg,man12mt1-mt110.egg
anim_0117_0004.egg,man12mt1-mt18.egg
anim_0117_0005.egg,man12mt1-mt14.egg
anim_0117_0006.egg,man12mt1-mt12.egg
anim_0117_0007.egg,man12mt1-mt17.egg
anim_0117_0008.egg,man12mt1-mt19.egg
rigg_0118.egg,woman1wtv.egg
anim_0118_0000.egg,woman1wtv-wtv.egg
rigg_0119.egg,man1us.egg
anim_0119_0000.egg,man1us-us.egg
rigg_0120.egg,women22wd.egg
anim_0120_0000.egg,women22wd-wd9.egg
anim_0120_0001.egg,women22wd-wd10.egg
anim_0120_0002.egg,women22wd-wd4.egg
anim_0120_0003.egg,women22wd-wd6.egg
anim_0120_0004.egg,women22wd-wd5.egg
anim_0120_0005.egg,women22wd-wd7.egg
anim_0120_0006.egg,women22wd-wd2.egg
anim_0120_0007.egg,women22wd-wd8.egg
anim_0120_0008.egg,women22wd-wd3.egg
rigg_0121.egg,woman2ts1.egg
anim_0121_0000.egg,woman2ts1-ts1.egg
