man0wtv-wtv3.egg,anim_0000.egg
man22us-us6.egg,anim_0001.egg
man12rb-rb5.egg,anim_0002.egg
women22rb-rb8.egg,anim_0003.egg
women22-sp3.egg,anim_0004.egg
man0wd-wd2.egg,anim_0005.egg
woman12mt1-mt18.egg,anim_0006.egg
woman12us-us9.egg,anim_0007.egg
man12wtv.egg,rigg_0000.egg
woman12ts2-ts28.egg,anim_0008.egg
man0wtv-wtv6.egg,anim_0009.egg
man22mt2-mt23.egg,anim_0010.egg
woman12mt2-mt25.egg,anim_0011.egg
man22mt1-mt12.egg,anim_0012.egg
woman12wtv-wtv7.egg,anim_0013.egg
woman12bt.egg,rigg_0001.egg
man22bt-bt4.egg,anim_0014.egg
man22ts1-ts14.egg,anim_0015.egg
man0pm2-pm23.egg,anim_0016.egg
man0rb-rb5.egg,anim_0017.egg
man1ts2.egg,rigg_0002.egg
women22mj-mj2.egg,anim_0018.egg
women22mj-mj10.egg,anim_0019.egg
man12bt-bt10.egg,anim_0020.egg
woman12wtv-wtv8.egg,anim_0021.egg
woman12em-em4.egg,anim_0022.egg
man12pm1-pm18.egg,anim_0023.egg
man0ts2-ts28.egg,anim_0024.egg
man0ts2-ts210.egg,anim_0025.egg
women22-sp2.egg,anim_0026.egg
man22pm1.egg,rigg_0003.egg
women22ts2-ts29.egg,anim_0027.egg
woman12mj-mj6.egg,anim_0028.egg
woman2ts2.egg,rigg_0004.egg
woman12pm1-pm110.egg,anim_0029.egg
woman12wd.egg,rigg_0005.egg
woman12wd-wd8.egg,anim_0030.egg
woman12us-us3.egg,anim_0031.egg
women22mt1-mt19.egg,anim_0032.egg
man22mt2.egg,rigg_0006.egg
man2.egg,rigg_0007.egg
man12ts2-ts29.egg,anim_0033.egg
woman12em-em2.egg,anim_0034.egg
woman12bt-bt3.egg,anim_0035.egg
man12rb-rb8.egg,anim_0036.egg
man22pm2-pm28.egg,anim_0037.egg
man0pm1-pm15.egg,anim_0038.egg
man0mj-mj10.egg,anim_0039.egg
man22mt1-mt13.egg,anim_0040.egg
women22ts2-ts28.egg,anim_0041.egg
man22pm2.egg,rigg_0008.egg
woman12pm1-pm19.egg,anim_0042.egg
man12rb-rb10.egg,anim_0043.egg
man0rb-rb10.egg,anim_0044.egg
woman13pm2-pm210.egg,anim_0045.egg
man12wtv-wtv6.egg,anim_0046.egg
man12wd-wd2.egg,anim_0047.egg
man22mt1-mt19.egg,anim_0048.egg
woman12mt2-mt26.egg,anim_0049.egg
man1pm1.egg,rigg_0009.egg
man22em-em7.egg,anim_0050.egg
woman2ts2-ts2.egg,anim_0051.egg
man0mt1-mt17.egg,anim_0052.egg
women22rb-rb7.egg,anim_0053.egg
man0us-us5.egg,anim_0054.egg
woman12bt-bt8.egg,anim_0055.egg
man0wd-wd10.egg,anim_0056.egg
man22wtv-wtv5.egg,anim_0057.egg
man0mj-mj9.egg,anim_0058.egg
women22pm2.egg,rigg_0010.egg
women22wd-wd7.egg,anim_0059.egg
man12em-em8.egg,anim_0060.egg
man0rb-rb2.egg,anim_0061.egg
man1wd-wd.egg,anim_0062.egg
women22us-us7.egg,anim_0063.egg
man12mt2-mt28.egg,anim_0064.egg
woman12ts1-ts15.egg,anim_0065.egg
women22mt1-mt110.egg,anim_0066.egg
woman12wd-wd9.egg,anim_0067.egg
woman1us.egg,rigg_0011.egg
man12us-us6.egg,anim_0068.egg
man0pm1.egg,rigg_0012.egg
man0wd-wd6.egg,anim_0069.egg
man12wd.egg,rigg_0013.egg
man0-sp3.egg,anim_0070.egg
man22pm2-pm24.egg,anim_0071.egg
woman2em-em.egg,anim_0072.egg
man0pm2.egg,rigg_0014.egg
man22mt2-mt27.egg,anim_0073.egg
man0em-em9.egg,anim_0074.egg
women22pm1-pm12.egg,anim_0075.egg
man0-wf6.egg,anim_0076.egg
woman13pm2.egg,rigg_0015.egg
man0pm2-pm28.egg,anim_0077.egg
man0-wf3.egg,anim_0078.egg
woman12em.egg,rigg_0016.egg
man22mt1-mt14.egg,anim_0079.egg
woman12bt-bt2.egg,anim_0080.egg
woman12wtv-wtv10.egg,anim_0081.egg
man22-sp5.egg,anim_0082.egg
man0em-em2.egg,anim_0083.egg
woman1wtv.egg,rigg_0017.egg
man12wd-wd6.egg,anim_0084.egg
man0us-us7.egg,anim_0085.egg
man22ts1.egg,rigg_0018.egg
man0em-em7.egg,anim_0086.egg
women22-wf7.egg,anim_0087.egg
man12bt-bt7.egg,anim_0088.egg
man22em-em9.egg,anim_0089.egg
man22bt-bt9.egg,anim_0090.egg
man22pm1-pm12.egg,anim_0091.egg
woman1ts1.egg,rigg_0019.egg
woman1em.egg,rigg_0020.egg
man1ts1.egg,rigg_0021.egg
man0wtv-wtv8.egg,anim_0092.egg
women22us.egg,rigg_0022.egg
man2ts2-ts2.egg,anim_0093.egg
woman2wd.egg,rigg_0023.egg
women22wd-wd5.egg,anim_0094.egg
man1us.egg,rigg_0024.egg
man22pm2-pm29.egg,anim_0095.egg
woman12mt2-mt210.egg,anim_0096.egg
women22pm2-pm22.egg,anim_0097.egg
man22-sp2.egg,anim_0098.egg
man22pm1-pm14.egg,anim_0099.egg
man0wtv-wtv5.egg,anim_0100.egg
woman12-wf8.egg,anim_0101.egg
man12mt1-mt110.egg,anim_0102.egg
woman12mt2-mt23.egg,anim_0103.egg
women22mt2-mt28.egg,anim_0104.egg
women22rb-rb10.egg,anim_0105.egg
man12mj-mj4.egg,anim_0106.egg
man12bt.egg,rigg_0025.egg
man22bt-bt2.egg,anim_0107.egg
woman1ts2.egg,rigg_0026.egg
man0mt1-mt15.egg,anim_0108.egg
man12bt-bt6.egg,anim_0109.egg
man0mt1-mt18.egg,anim_0110.egg
man12mt2-mt29.egg,anim_0111.egg
man12-wk.egg,anim_0112.egg
woman12mj.egg,rigg_0027.egg
woman12-wf9.egg,anim_0113.egg
man0wd-wd7.egg,anim_0114.egg
woman12mj-mj7.egg,anim_0115.egg
man12us-us9.egg,anim_0116.egg
man12wd-wd4.egg,anim_0117.egg
women22bt-bt4.egg,anim_0118.egg
woman2us-us.egg,anim_0119.egg
man0-sp5.egg,anim_0120.egg
women22mt2-mt25.egg,anim_0121.egg
woman12pm2-pm24.egg,anim_0122.egg
man12pm2-pm27.egg,anim_0123.egg
man1-sp.egg,anim_0124.egg
woman12mj-mj8.egg,anim_0125.egg
man0wd-wd1.egg,anim_0126.egg
man12ts2-ts28.egg,anim_0127.egg
man0rb-rb9.egg,anim_0128.egg
man22wtv-wtv8.egg,anim_0129.egg
man2em.egg,rigg_0028.egg
women22wtv-wtv5.egg,anim_0130.egg
man22-sp8.egg,anim_0131.egg
woman12-sp3.egg,anim_0132.egg
women22mt2-mt26.egg,anim_0133.egg
woman2pm2-pm2.egg,anim_0134.egg
man0pm2-pm210.egg,anim_0135.egg
women22-sp9.egg,anim_0136.egg
man12us-us8.egg,anim_0137.egg
man0us-us10.egg,anim_0138.egg
man0-wf4.egg,anim_0139.egg
man12em-em2.egg,anim_0140.egg
woman12wd-wd5.egg,anim_0141.egg
man0wtv-wtv7.egg,anim_0142.egg
man22ts1-ts13.egg,anim_0143.egg
man0ts1-ts13.egg,anim_0144.egg
man0-wf7.egg,anim_0145.egg
women22-wf9.egg,anim_0146.egg
woman1.egg,rigg_0029.egg
man22wd-wd2.egg,anim_0147.egg
man0mj-mj2.egg,anim_0148.egg
man12-sp7.egg,anim_0149.egg
man0pm2-pm26.egg,anim_0150.egg
man22mt1-mt16.egg,anim_0151.egg
man22wd-wd10.egg,anim_0152.egg
woman12pm2-pm22.egg,anim_0153.egg
man2ts1-ts1.egg,anim_0154.egg
woman12ts1-ts14.egg,anim_0155.egg
man12-wf8.egg,anim_0156.egg
women22ts1-ts12.egg,anim_0157.egg
woman13pm2-pm28.egg,anim_0158.egg
woman12-sp9.egg,anim_0159.egg
man22rb-rb6.egg,anim_0160.egg
women22wtv-wtv3.egg,anim_0161.egg
women22us-us4.egg,anim_0162.egg
woman12mt2-mt28.egg,anim_0163.egg
women22pm2-pm25.egg,anim_0164.egg
man12em-em7.egg,anim_0165.egg
man22-wf9.egg,anim_0166.egg
man22bt-bt6.egg,anim_0167.egg
man12pm1-pm15.egg,anim_0168.egg
man2pm2.egg,rigg_0030.egg
man2mt2.egg,rigg_0031.egg
man23mj-mj9.egg,anim_0169.egg
man12mj-mj5.egg,anim_0170.egg
women22us-us6.egg,anim_0171.egg
man2mt1.egg,rigg_0032.egg
man0ts1-ts15.egg,anim_0172.egg
man12rb-rb4.egg,anim_0173.egg
man22mt1-mt110.egg,anim_0174.egg
man0wtv-wtv2.egg,anim_0175.egg
man22mt1.egg,rigg_0033.egg
man22pm2-pm26.egg,anim_0176.egg
man22pm2-pm27.egg,anim_0177.egg
man0rb-rb3.egg,anim_0178.egg
man0em-em10.egg,anim_0179.egg
woman12pm1-pm18.egg,anim_0180.egg
man22-wf8.egg,anim_0181.egg
women22pm1-pm16.egg,anim_0182.egg
women22bt-bt8.egg,anim_0183.egg
man22em-em6.egg,anim_0184.egg
man22mt1-mt15.egg,anim_0185.egg
woman1pm1.egg,rigg_0034.egg
women22-wf3.egg,anim_0186.egg
man0bt-bt5.egg,anim_0187.egg
man0em-em6.egg,anim_0188.egg
man0pm1-pm13.egg,anim_0189.egg
man22us-us5.egg,anim_0190.egg
man0pm1-pm12.egg,anim_0191.egg
man12-wf3.egg,anim_0192.egg
man12-wf5.egg,anim_0193.egg
women22pm2-pm23.egg,anim_0194.egg
woman12wtv-wtv4.egg,anim_0195.egg
man0pm1-pm14.egg,anim_0196.egg
man2pm1-pm1.egg,anim_0197.egg
women22wd-wd2.egg,anim_0198.egg
man0rb.egg,rigg_0035.egg
man0mt2-mt21.egg,anim_0199.egg
man0pm1-pm11.egg,anim_0200.egg
man22wd-wd4.egg,anim_0201.egg
woman1pm2-pm2.egg,anim_0202.egg
woman12us-us2.egg,anim_0203.egg
women22ts1-ts15.egg,anim_0204.egg
woman12em-em10.egg,anim_0205.egg
women22pm2-pm28.egg,anim_0206.egg
woman12em-em3.egg,anim_0207.egg
man2bt-bt.egg,anim_0208.egg
man0-wf2.egg,anim_0209.egg
man13wd.egg,rigg_0036.egg
man12mj-mj9.egg,anim_0210.egg
women22bt.egg,rigg_0037.egg
women22em-em2.egg,anim_0211.egg
women22ts2-ts27.egg,anim_0212.egg
man0ts2-ts27.egg,anim_0213.egg
women22mj-mj5.egg,anim_0214.egg
man22-wf10.egg,anim_0215.egg
man12mt1-mt17.egg,anim_0216.egg
woman12em-em9.egg,anim_0217.egg
man0us-us6.egg,anim_0218.egg
man22mt1-mt18.egg,anim_0219.egg
man0bt-bt1.egg,anim_0220.egg
women22wtv-wtv7.egg,anim_0221.egg
man0pm2-pm25.egg,anim_0222.egg
man0-wf5.egg,anim_0223.egg
women22pm1-pm14.egg,anim_0224.egg
man12ts2.egg,rigg_0038.egg
women22-wf6.egg,anim_0225.egg
man22wd-wd5.egg,anim_0226.egg
man22bt-bt8.egg,anim_0227.egg
woman12wtv-wtv3.egg,anim_0228.egg
woman12rb-rb8.egg,anim_0229.egg
woman12pm2-pm26.egg,anim_0230.egg
man0mt2-mt26.egg,anim_0231.egg
man12mt1-mt14.egg,anim_0232.egg
man12ts1-ts12.egg,anim_0233.egg
women22-sp7.egg,anim_0234.egg
man12-wf10.egg,anim_0235.egg
woman12mt1-mt12.egg,anim_0236.egg
man12ts2-ts26.egg,anim_0237.egg
women22pm1-pm18.egg,anim_0238.egg
man12mj-mj3.egg,anim_0239.egg
man12pm2-pm24.egg,anim_0240.egg
man12wtv-wtv10.egg,anim_0241.egg
woman1em-em.egg,anim_0242.egg
women22.egg,rigg_0039.egg
man2wd.egg,rigg_0040.egg
man22bt-bt10.egg,anim_0243.egg
man22pm1-pm17.egg,anim_0244.egg
women22-sp10.egg,anim_0245.egg
man0pm2-pm22.egg,anim_0246.egg
man0bt-bt8.egg,anim_0247.egg
women22em-em5.egg,anim_0248.egg
man12mj-mj7.egg,anim_0249.egg
man22wd-wd8.egg,anim_0250.egg
man2wtv.egg,rigg_0041.egg
man22pm2-pm210.egg,anim_0251.egg
man12pm1.egg,rigg_0042.egg
woman1wtv-wtv.egg,anim_0252.egg
man22wd.egg,rigg_0043.egg
man22wtv-wtv6.egg,anim_0253.egg
man0ts1.egg,rigg_0044.egg
woman12-wf6.egg,anim_0254.egg
man1-wf.egg,anim_0255.egg
man12-sp2.egg,anim_0256.egg
man12rb-rb7.egg,anim_0257.egg
woman12pm1-pm14.egg,anim_0258.egg
man1mj1.egg,rigg_0045.egg
man22em-em8.egg,anim_0259.egg
man2mj1.egg,rigg_0046.egg
man22ts1-ts15.egg,anim_0260.egg
woman12-sp6.egg,anim_0261.egg
man0wd.egg,rigg_0047.egg
women22wtv-wtv10.egg,anim_0262.egg
man22pm1-pm16.egg,anim_0263.egg
man12-wf4.egg,anim_0264.egg
man12em-em4.egg,anim_0265.egg
women22ts1.egg,rigg_0048.egg
man2bt.egg,rigg_0049.egg
man0pm2-pm29.egg,anim_0266.egg
woman12em-em8.egg,anim_0267.egg
women22mt1-mt13.egg,anim_0268.egg
woman1pm1-pm1.egg,anim_0269.egg
man0us-us3.egg,anim_0270.egg
woman1-sp.egg,anim_0271.egg
man0mj-mj6.egg,anim_0272.egg
man22wd-wd9.egg,anim_0273.egg
woman1rb-rb.egg,anim_0274.egg
woman13pm2-pm27.egg,anim_0275.egg
man12-wf2.egg,anim_0276.egg
women22ts2.egg,rigg_0050.egg
man12-sp6.egg,anim_0277.egg
man12wtv-wtv3.egg,anim_0278.egg
woman12wd-wd10.egg,anim_0279.egg
man22mt2-mt25.egg,anim_0280.egg
man22mt2-mt210.egg,anim_0281.egg
man22-wf5.egg,anim_0282.egg
woman12wd-wd2.egg,anim_0283.egg
man0bt-bt6.egg,anim_0284.egg
man22rb-rb3.egg,anim_0285.egg
woman2mt2.egg,rigg_0051.egg
man22rb-rb7.egg,anim_0286.egg
man22-sp7.egg,anim_0287.egg
man12us-us4.egg,anim_0288.egg
woman12bt-bt10.egg,anim_0289.egg
women22pm2-pm29.egg,anim_0290.egg
man12mt2-mt210.egg,anim_0291.egg
man22us-us3.egg,anim_0292.egg
women22mt2-mt29.egg,anim_0293.egg
woman2pm1-pm1.egg,anim_0294.egg
man2rb-rb.egg,anim_0295.egg
woman2rb-rb.egg,anim_0296.egg
man0mj-mj3.egg,anim_0297.egg
women22wtv-wtv9.egg,anim_0298.egg
woman12-wk.egg,anim_0299.egg
woman12mt1-mt14.egg,anim_0300.egg
women22wd.egg,rigg_0052.egg
woman1-wf.egg,anim_0301.egg
man12mt2.egg,rigg_0053.egg
man12mt1-mt15.egg,anim_0302.egg
man0-sp7.egg,anim_0303.egg
woman1us-us.egg,anim_0304.egg
man2wd-wd.egg,anim_0305.egg
man0-wk.egg,anim_0306.egg
woman12ts2-ts210.egg,anim_0307.egg
women22wd-wd8.egg,anim_0308.egg
man12-wf9.egg,anim_0309.egg
man2mj1-mj1.egg,anim_0310.egg
woman12-sp2.egg,anim_0311.egg
woman12mj-mj4.egg,anim_0312.egg
woman12mt1.egg,rigg_0054.egg
man22pm1-pm13.egg,anim_0313.egg
man12pm2-pm28.egg,anim_0314.egg
women22us-us8.egg,anim_0315.egg
man12wtv-wtv4.egg,anim_0316.egg
man0bt-bt7.egg,anim_0317.egg
women22pm1-pm19.egg,anim_0318.egg
women22rb-rb5.egg,anim_0319.egg
woman12pm2-pm23.egg,anim_0320.egg
women22us-us9.egg,anim_0321.egg
woman2ts1-ts1.egg,anim_0322.egg
man12ts1-ts13.egg,anim_0323.egg
man12em-em10.egg,anim_0324.egg
women22bt-bt9.egg,anim_0325.egg
women22wtv-wtv4.egg,anim_0326.egg
women22pm1-pm17.egg,anim_0327.egg
man22ts2-ts28.egg,anim_0328.egg
man12em.egg,rigg_0055.egg
woman12mt2-mt22.egg,anim_0329.egg
man22pm2-pm25.egg,anim_0330.egg
man22-sp9.egg,anim_0331.egg
man22em-em2.egg,anim_0332.egg
man22pm2-pm23.egg,anim_0333.egg
woman12wtv-wtv9.egg,anim_0334.egg
women22em-em3.egg,anim_0335.egg
man22mj-mj2.egg,anim_0336.egg
woman2wtv-wtv.egg,anim_0337.egg
man22rb-rb8.egg,anim_0338.egg
women22-sp5.egg,anim_0339.egg
man23mj-mj10.egg,anim_0340.egg
man22wtv-wtv3.egg,anim_0341.egg
woman12rb-rb5.egg,anim_0342.egg
man22ts2-ts29.egg,anim_0343.egg
man1ts2-ts2.egg,anim_0344.egg
man22mt2-mt29.egg,anim_0345.egg
women22ts2-ts210.egg,anim_0346.egg
man22mt2-mt26.egg,anim_0347.egg
man0wtv-wtv10.egg,anim_0348.egg
man0mt1-mt14.egg,anim_0349.egg
man0-sp9.egg,anim_0350.egg
man22-wf4.egg,anim_0351.egg
man12rb-rb3.egg,anim_0352.egg
man0wd-wd3.egg,anim_0353.egg
women22-sp6.egg,anim_0354.egg
man22ts2-ts210.egg,anim_0355.egg
women22wd-wd10.egg,anim_0356.egg
man22pm1-pm19.egg,anim_0357.egg
man22.egg,rigg_0056.egg
woman12bt-bt6.egg,anim_0358.egg
woman12us-us10.egg,anim_0359.egg
man12mj-mj8.egg,anim_0360.egg
man0-sp8.egg,anim_0361.egg
man0wd-wd9.egg,anim_0362.egg
women22mt2-mt22.egg,anim_0363.egg
woman12bt-bt9.egg,anim_0364.egg
man22mt2-mt28.egg,anim_0365.egg
women22pm2-pm210.egg,anim_0366.egg
woman2.egg,rigg_0057.egg
woman12-sp8.egg,anim_0367.egg
man12pm2.egg,rigg_0058.egg
women22us-us10.egg,anim_0368.egg
man0pm2-pm24.egg,anim_0369.egg
man0mj-mj8.egg,anim_0370.egg
women22bt-bt3.egg,anim_0371.egg
woman12pm2-pm25.egg,anim_0372.egg
man0bt-bt3.egg,anim_0373.egg
man1wtv-wtv.egg,anim_0374.egg
man1mj1-mj1.egg,anim_0375.egg
women22-wk.egg,anim_0376.egg
man12em-em6.egg,anim_0377.egg
man12mt1-mt19.egg,anim_0378.egg
woman12us-us5.egg,anim_0379.egg
man0mt1-mt16.egg,anim_0380.egg
woman12ts2-ts29.egg,anim_0381.egg
woman12us.egg,rigg_0059.egg
man12rb.egg,rigg_0060.egg
woman1bt-bt.egg,anim_0382.egg
woman12-wf4.egg,anim_0383.egg
woman1mt2-mt2.egg,anim_0384.egg
women22pm1-pm110.egg,anim_0385.egg
man0mt2-mt25.egg,anim_0386.egg
man0ts1-ts14.egg,anim_0387.egg
man22rb-rb5.egg,anim_0388.egg
man0-sp1.egg,anim_0389.egg
women22bt-bt7.egg,anim_0390.egg
man12mt2-mt24.egg,anim_0391.egg
man22rb-rb4.egg,anim_0392.egg
women22wd-wd4.egg,anim_0393.egg
man12bt-bt5.egg,anim_0394.egg
woman12wtv-wtv5.egg,anim_0395.egg
man22mj.egg,rigg_0061.egg
man22pm2-pm22.egg,anim_0396.egg
woman12mj-mj3.egg,anim_0397.egg
man0ts1-ts16.egg,anim_0398.egg
man22rb-rb9.egg,anim_0399.egg
woman12em-em7.egg,anim_0400.egg
man22wtv-wtv2.egg,anim_0401.egg
man12wtv-wtv5.egg,anim_0402.egg
man0wtv-wtv9.egg,anim_0403.egg
woman12wd-wd3.egg,anim_0404.egg
women22pm1.egg,rigg_0062.egg
woman12-sp5.egg,anim_0405.egg
women22em-em7.egg,anim_0406.egg
man0em-em5.egg,anim_0407.egg
man0ts2-ts29.egg,anim_0408.egg
man22ts2-ts27.egg,anim_0409.egg
women22wtv.egg,rigg_0063.egg
man1pm2.egg,rigg_0064.egg
man0-wf.egg,anim_0410.egg
women22pm2-pm27.egg,anim_0411.egg
women22mt1.egg,rigg_0065.egg
man12pm2-pm22.egg,anim_0412.egg
man12wd-wd8.egg,anim_0413.egg
man12us-us10.egg,anim_0414.egg
man2us-us.egg,anim_0415.egg
woman12ts1-ts12.egg,anim_0416.egg
women22-wf10.egg,anim_0417.egg
man0us-us9.egg,anim_0418.egg
woman12us-us8.egg,anim_0419.egg
woman12wtv-wtv2.egg,anim_0420.egg
man23mj-mj8.egg,anim_0421.egg
man12wd-wd5.egg,anim_0422.egg
woman2pm1.egg,rigg_0066.egg
man22rb-rb2.egg,anim_0423.egg
man0wd-wd8.egg,anim_0424.egg
man12em-em5.egg,anim_0425.egg
man1pm2-pm2.egg,anim_0426.egg
man22wd-wd7.egg,anim_0427.egg
woman12pm1-pm12.egg,anim_0428.egg
man0-sp10.egg,anim_0429.egg
man12mj-mj6.egg,anim_0430.egg
man22us-us9.egg,anim_0431.egg
man12bt-bt4.egg,anim_0432.egg
man0wtv.egg,rigg_0067.egg
women22ts1-ts13.egg,anim_0433.egg
women22mj-mj9.egg,anim_0434.egg
man0us-us4.egg,anim_0435.egg
man13wd-wd9.egg,anim_0436.egg
man22-sp10.egg,anim_0437.egg
man23mj-mj7.egg,anim_0438.egg
man12bt-bt9.egg,anim_0439.egg
man0wd-wd5.egg,anim_0440.egg
man12mt1-mt18.egg,anim_0441.egg
man0mt1-mt12.egg,anim_0442.egg
woman12rb-rb6.egg,anim_0443.egg
man0rb-rb1.egg,anim_0444.egg
women22mt1-mt14.egg,anim_0445.egg
woman1pm2.egg,rigg_0068.egg
women22mt2-mt24.egg,anim_0446.egg
women22wtv-wtv8.egg,anim_0447.egg
man12bt-bt3.egg,anim_0448.egg
man0pm1-pm110.egg,anim_0449.egg
women22bt-bt6.egg,anim_0450.egg
man22ts2.egg,rigg_0069.egg
women22rb-rb3.egg,anim_0451.egg
woman12em-em5.egg,anim_0452.egg
man12wd-wd3.egg,anim_0453.egg
woman12-wf10.egg,anim_0454.egg
man22em-em10.egg,anim_0455.egg
woman2mj1-mj1.egg,anim_0456.egg
man22rb-rb10.egg,anim_0457.egg
women22us-us2.egg,anim_0458.egg
woman12rb-rb4.egg,anim_0459.egg
woman12ts1-ts13.egg,anim_0460.egg
man0mt2-mt210.egg,anim_0461.egg
women22bt-bt5.egg,anim_0462.egg
man0bt.egg,rigg_0070.egg
woman12-sp10.egg,anim_0463.egg
woman12us-us7.egg,anim_0464.egg
man22ts1-ts12.egg,anim_0465.egg
man12wd-wd7.egg,anim_0466.egg
woman12wd-wd4.egg,anim_0467.egg
women22pm1-pm15.egg,anim_0468.egg
man12ts2-ts210.egg,anim_0469.egg
man1wtv.egg,rigg_0071.egg
man12pm1-pm17.egg,anim_0470.egg
man0us-us2.egg,anim_0471.egg
man1mt1-mt1.egg,anim_0472.egg
man22us.egg,rigg_0072.egg
women22ts1-ts14.egg,anim_0473.egg
women22pm1-pm13.egg,anim_0474.egg
man22wtv-wtv9.egg,anim_0475.egg
man22bt.egg,rigg_0073.egg
woman2pm2.egg,rigg_0074.egg
man12rb-rb9.egg,anim_0476.egg
man22-wf7.egg,anim_0477.egg
man12-sp4.egg,anim_0478.egg
man0us.egg,rigg_0075.egg
man2em-em.egg,anim_0479.egg
man0mj-mj7.egg,anim_0480.egg
man0bt-bt10.egg,anim_0481.egg
man0ts2.egg,rigg_0076.egg
man0wtv-wtv4.egg,anim_0482.egg
man22-wk.egg,anim_0483.egg
woman12mj-mj10.egg,anim_0484.egg
women22mt2-mt27.egg,anim_0485.egg
women22-wf8.egg,anim_0486.egg
man0-sp6.egg,anim_0487.egg
woman1mj1-mj1.egg,anim_0488.egg
man22us-us2.egg,anim_0489.egg
man1rb-rb.egg,anim_0490.egg
woman1ts2-ts2.egg,anim_0491.egg
man12rb-rb6.egg,anim_0492.egg
women22mj-mj6.egg,anim_0493.egg
man12mt2-mt25.egg,anim_0494.egg
women22bt-bt10.egg,anim_0495.egg
man22bt-bt5.egg,anim_0496.egg
woman12wd-wd6.egg,anim_0497.egg
man1.egg,rigg_0077.egg
woman12-wf2.egg,anim_0498.egg
man12mj-mj2.egg,anim_0499.egg
woman12-wf3.egg,anim_0500.egg
man2-wf.egg,anim_0501.egg
woman1mt1-mt1.egg,anim_0502.egg
man22wtv.egg,rigg_0078.egg
man22bt-bt3.egg,anim_0503.egg
man12mt1-mt12.egg,anim_0504.egg
man12ts1-ts14.egg,anim_0505.egg
man12em-em9.egg,anim_0506.egg
man12mj.egg,rigg_0079.egg
man13pm1-pm110.egg,anim_0507.egg
women22ts2-ts26.egg,anim_0508.egg
man0ts1-ts12.egg,anim_0509.egg
women22wd-wd9.egg,anim_0510.egg
man12ts2-ts27.egg,anim_0511.egg
women22pm2-pm26.egg,anim_0512.egg
woman12em-em6.egg,anim_0513.egg
woman12ts2.egg,rigg_0080.egg
man22pm1-pm15.egg,anim_0514.egg
man12em-em3.egg,anim_0515.egg
man12pm1-pm13.egg,anim_0516.egg
women22-sp8.egg,anim_0517.egg
man0em-em4.egg,anim_0518.egg
man0em-em3.egg,anim_0519.egg
man23mj-mj6.egg,anim_0520.egg
man0mt1-mt11.egg,anim_0521.egg
man12pm2-pm26.egg,anim_0522.egg
women22mt1-mt18.egg,anim_0523.egg
man12us-us2.egg,anim_0524.egg
woman12ts2-ts27.egg,anim_0525.egg
woman12rb-rb3.egg,anim_0526.egg
man0mt2-mt29.egg,anim_0527.egg
woman12wd-wd7.egg,anim_0528.egg
women22-wf2.egg,anim_0529.egg
woman12bt-bt5.egg,anim_0530.egg
woman12mt2.egg,rigg_0081.egg
man22wd-wd3.egg,anim_0531.egg
man22pm1-pm18.egg,anim_0532.egg
woman2-sp.egg,anim_0533.egg
man12pm2-pm23.egg,anim_0534.egg
man22us-us4.egg,anim_0535.egg
man12wtv-wtv7.egg,anim_0536.egg
woman12mt1-mt16.egg,anim_0537.egg
man12bt-bt2.egg,anim_0538.egg
women22mj.egg,rigg_0082.egg
man0-sp4.egg,anim_0539.egg
man0mt2-mt23.egg,anim_0540.egg
woman2wd-wd.egg,anim_0541.egg
man0rb-rb4.egg,anim_0542.egg
man12-sp8.egg,anim_0543.egg
woman12mt2-mt29.egg,anim_0544.egg
man12mt1.egg,rigg_0083.egg
women22-wf5.egg,anim_0545.egg
man0ts1-ts11.egg,anim_0546.egg
man0-sp2.egg,anim_0547.egg
man0wtv-wtv1.egg,anim_0548.egg
man22-sp6.egg,anim_0549.egg
man0mj-mj4.egg,anim_0550.egg
man0mt1-mt110.egg,anim_0551.egg
man2mt2-mt2.egg,anim_0552.egg
man2pm1.egg,rigg_0084.egg
woman12bt-bt7.egg,anim_0553.egg
man13pm1.egg,rigg_0085.egg
woman12wtv.egg,rigg_0086.egg
man22wtv-wtv7.egg,anim_0554.egg
woman2wtv.egg,rigg_0087.egg
man0rb-rb8.egg,anim_0555.egg
man0us-us1.egg,anim_0556.egg
woman12rb-rb7.egg,anim_0557.egg
woman12-wf5.egg,anim_0558.egg
man0pm2-pm21.egg,anim_0559.egg
man12-wf7.egg,anim_0560.egg
man12mt2-mt27.egg,anim_0561.egg
man0mt2-mt27.egg,anim_0562.egg
man12pm2-pm25.egg,anim_0563.egg
man12-sp5.egg,anim_0564.egg
man1rb.egg,rigg_0088.egg
man12mt2-mt26.egg,anim_0565.egg
man1us-us.egg,anim_0566.egg
man12rb-rb2.egg,anim_0567.egg
man12-sp9.egg,anim_0568.egg
man0pm2-pm27.egg,anim_0569.egg
man2us.egg,rigg_0089.egg
man12ts1.egg,rigg_0090.egg
man0bt-bt9.egg,anim_0570.egg
woman1wd.egg,rigg_0091.egg
man1em2-em2.egg,anim_0571.egg
woman12pm1.egg,rigg_0092.egg
women22wd-wd3.egg,anim_0572.egg
man0mt1.egg,rigg_0093.egg
woman12ts1-ts16.egg,anim_0573.egg
women22bt-bt2.egg,anim_0574.egg
man1wd.egg,rigg_0094.egg
man0pm1-pm16.egg,anim_0575.egg
women22wtv-wtv2.egg,anim_0576.egg
woman12mt1-mt15.egg,anim_0577.egg
man12pm1-pm16.egg,anim_0578.egg
woman12pm2.egg,rigg_0095.egg
woman12wtv-wtv6.egg,anim_0579.egg
woman12pm1-pm16.egg,anim_0580.egg
man0wd-wd4.egg,anim_0581.egg
man0us-us8.egg,anim_0582.egg
woman2bt.egg,rigg_0096.egg
man12mt2-mt23.egg,anim_0583.egg
women22wd-wd6.egg,anim_0584.egg
man22em.egg,rigg_0097.egg
women22pm2-pm24.egg,anim_0585.egg
women22mt2-mt23.egg,anim_0586.egg
man12-wf6.egg,anim_0587.egg
man0mt2.egg,rigg_0098.egg
man22-wf3.egg,anim_0588.egg
women22em-em10.egg,anim_0589.egg
man2rb.egg,rigg_0099.egg
women22rb-rb9.egg,anim_0590.egg
man12wtv-wtv8.egg,anim_0591.egg
woman1bt.egg,rigg_0100.egg
man12pm1-pm14.egg,anim_0592.egg
man12.egg,rigg_0101.egg
man1ts1-ts1.egg,anim_0593.egg
woman1mt2.egg,rigg_0102.egg
man22-sp4.egg,anim_0594.egg
man22em-em5.egg,anim_0595.egg
woman1wd-wd.egg,anim_0596.egg
woman12-wf7.egg,anim_0597.egg
woman12mt1-mt19.egg,anim_0598.egg
women22-sp4.egg,anim_0599.egg
man0pm1-pm19.egg,anim_0600.egg
man13wd-wd10.egg,anim_0601.egg
man12us-us3.egg,anim_0602.egg
man12us.egg,rigg_0103.egg
women22rb.egg,rigg_0104.egg
women22mj-mj3.egg,anim_0603.egg
man0mj.egg,rigg_0105.egg
man1bt.egg,rigg_0106.egg
man2ts1.egg,rigg_0107.egg
woman12rb.egg,rigg_0108.egg
women22mt1-mt17.egg,anim_0604.egg
woman12.egg,rigg_0109.egg
women22mt1-mt16.egg,anim_0605.egg
man2ts2.egg,rigg_0110.egg
woman12mj-mj5.egg,anim_0606.egg
man2pm2-pm2.egg,anim_0607.egg
man12mt1-mt13.egg,anim_0608.egg
woman2mt2-mt2.egg,anim_0609.egg
man22-wf2.egg,anim_0610.egg
woman12ts1.egg,rigg_0111.egg
man0pm1-pm18.egg,anim_0611.egg
woman12pm1-pm13.egg,anim_0612.egg
man22mt1-mt17.egg,anim_0613.egg
man22bt-bt7.egg,anim_0614.egg
man0mt1-mt19.egg,anim_0615.egg
woman12mj-mj9.egg,anim_0616.egg
woman1mj1.egg,rigg_0112.egg
women22-wf4.egg,anim_0617.egg
woman2em.egg,rigg_0113.egg
woman12pm1-pm17.egg,anim_0618.egg
man0bt-bt2.egg,anim_0619.egg
woman2us.egg,rigg_0114.egg
women22us-us3.egg,anim_0620.egg
man0-wf9.egg,anim_0621.egg
man12pm1-pm12.egg,anim_0622.egg
women22wtv-wtv6.egg,anim_0623.egg
man0em-em1.egg,anim_0624.egg
man1mt1.egg,rigg_0115.egg
man2-sp.egg,anim_0625.egg
man0mj-mj5.egg,anim_0626.egg
man12wtv-wtv2.egg,anim_0627.egg
man1pm1-pm1.egg,anim_0628.egg
women22rb-rb6.egg,anim_0629.egg
women22mt2.egg,rigg_0116.egg
woman12rb-rb2.egg,anim_0630.egg
man0-wf8.egg,anim_0631.egg
woman12us-us4.egg,anim_0632.egg
man13pm2.egg,rigg_0117.egg
man22wtv-wtv4.egg,anim_0633.egg
man0-wf10.egg,anim_0634.egg
man12us-us5.egg,anim_0635.egg
woman12us-us6.egg,anim_0636.egg
women22em.egg,rigg_0118.egg
man22rb.egg,rigg_0119.egg
woman2ts1.egg,rigg_0120.egg
women22em-em8.egg,anim_0637.egg
man0em-em8.egg,anim_0638.egg
man23mj-mj3.egg,anim_0639.egg
women22em-em4.egg,anim_0640.egg
man22-sp3.egg,anim_0641.egg
man23mj-mj5.egg,anim_0642.egg
man12mj-mj10.egg,anim_0643.egg
man22wtv-wtv10.egg,anim_0644.egg
man22us-us7.egg,anim_0645.egg
man0mt1-mt13.egg,anim_0646.egg
woman1ts1-ts1.egg,anim_0647.egg
man12wtv-wtv9.egg,anim_0648.egg
woman2-wf.egg,anim_0649.egg
man1mt2.egg,rigg_0121.egg
man0rb-rb6.egg,anim_0650.egg
man13pm1-pm19.egg,anim_0651.egg
woman12rb-rb10.egg,anim_0652.egg
woman2bt-bt.egg,anim_0653.egg
woman12mt1-mt13.egg,anim_0654.egg
man22em-em3.egg,anim_0655.egg
man23mj.egg,rigg_0122.egg
woman13pm2-pm29.egg,anim_0656.egg
man2wtv-wtv.egg,anim_0657.egg
woman12-sp4.egg,anim_0658.egg
women22mj-mj8.egg,anim_0659.egg
women22rb-rb2.egg,anim_0660.egg
women22us-us5.egg,anim_0661.egg
woman12mj-mj2.egg,anim_0662.egg
woman12rb-rb9.egg,anim_0663.egg
man0-st.egg,anim_0664.egg
man12us-us7.egg,anim_0665.egg
woman12mt2-mt24.egg,anim_0666.egg
man12mt1-mt16.egg,anim_0667.egg
man0mt2-mt22.egg,anim_0668.egg
women22em-em9.egg,anim_0669.egg
man22mt2-mt24.egg,anim_0670.egg
women22rb-rb4.egg,anim_0671.egg
man12-sp10.egg,anim_0672.egg
woman12mt1-mt17.egg,anim_0673.egg
man1em2.egg,rigg_0123.egg
man23mj-mj4.egg,anim_0674.egg
man0em.egg,rigg_0124.egg
man13pm2-pm210.egg,anim_0675.egg
man12bt-bt8.egg,anim_0676.egg
man0bt-bt4.egg,anim_0677.egg
woman1rb.egg,rigg_0125.egg
woman12mt1-mt110.egg,anim_0678.egg
women22mj-mj4.egg,anim_0679.egg
man0.egg,rigg_0126.egg
woman2mt1.egg,rigg_0127.egg
woman2mt1-mt1.egg,anim_0680.egg
woman2mj1.egg,rigg_0128.egg
woman12pm1-pm15.egg,anim_0681.egg
man22em-em4.egg,anim_0682.egg
man2mt1-mt1.egg,anim_0683.egg
woman12bt-bt4.egg,anim_0684.egg
women22mt2-mt210.egg,anim_0685.egg
women22mt1-mt12.egg,anim_0686.egg
man1mt2-mt2.egg,anim_0687.egg
man22wd-wd6.egg,anim_0688.egg
women22em-em6.egg,anim_0689.egg
man0mt2-mt28.egg,anim_0690.egg
man12mt2-mt22.egg,anim_0691.egg
man1bt-bt.egg,anim_0692.egg
woman12-sp7.egg,anim_0693.egg
man22us-us8.egg,anim_0694.egg
women22mj-mj7.egg,anim_0695.egg
woman2rb.egg,rigg_0129.egg
man0mt2-mt24.egg,anim_0696.egg
man22-wf6.egg,anim_0697.egg
women22mt1-mt15.egg,anim_0698.egg
man0rb-rb7.egg,anim_0699.egg
woman12mt2-mt27.egg,anim_0700.egg
man22ts2-ts26.egg,anim_0701.egg
woman1mt1.egg,rigg_0130.egg
man22mt2-mt22.egg,anim_0702.egg
man0pm1-pm17.egg,anim_0703.egg
man12-sp3.egg,anim_0704.egg
man22us-us10.egg,anim_0705.egg
man12pm2-pm29.egg,anim_0706.egg
